Countries,2023 Jan,2022 Dec,2022 Nov,2022 Oct,2022 Sep,2022 Aug,2022 Jul,2022 Jun,2022 May,2022 Apr,2022 Mar,2022 Feb,2022 Jan,2021 Dec,2021 Nov,2021 Oct,2021 Sep,2021 Aug,2021 Jul,2021 Jun,2021 May,2021 Apr,2021 Mar,2021 Feb,2021 Jan,2020 Dec,2020 Nov,2020 Oct,2020 Sep,2020 Aug,2020 Jul,2020 Jun,2020 May,2020 Apr,2020 Mar,2020 Feb,2020 Jan
  Belgium ,"94,056","103,655","121,773","88,796","215,978","132,917","224,676","114,704","116,817","146,603","319,393","247,242","170,868","129,536","131,031","250,735","155,819","98,508","183,841","117,345","151,574","174,581","128,928","191,622","119,744","133,445","209,539","83,657","80,823","99,286","102,317","73,457","77,945","126,970","136,150","176,921","124,193"
  Denmark ,"57,477","67,665","67,436","63,719","61,842","126,150","55,752","50,966","51,216","55,538","76,044","40,370","142,017","52,270","91,555","54,084","151,317","61,383","56,814","146,833","55,964","44,685","117,667","73,685","105,473","143,209","45,010","43,480","70,494","44,398","95,598","41,203","65,305","62,488","54,577","124,343","84,860"
  France ,"1,609,023","1,537,347","1,563,127","1,493,161","1,660,563","1,624,646","1,555,500","1,535,920","1,365,379","1,553,618","1,289,677","1,074,703","1,426,667","1,449,230","1,259,199","1,248,425","1,432,720","1,035,905","1,279,419","1,453,443","1,239,006","1,150,424","1,906,800","987,454","1,021,290","1,141,603","1,498,854","1,922,407","1,167,166","922,015","1,088,034","895,505","690,063","912,836","1,233,320","1,123,010","1,491,370"
"  Germany, Federal Republic Of ","963,837","1,129,542","1,107,630","1,122,251","1,170,472","1,135,242","1,207,446","1,108,916","1,095,451","1,282,312","1,259,702","1,074,201","1,038,822","1,329,642","1,094,892","1,103,039","1,290,457","1,147,489","1,185,938","1,142,950","1,432,486","1,102,010","1,124,788","916,711","947,476","980,296","978,208","980,882","972,416","931,876","1,061,128","978,806","892,172","1,160,767","1,115,034","1,003,380","1,127,285"
  Greece ,"42,366","99,085","37,937","15,850","107,888","170,197","207,744","108,596","47,795","117,955","10,073","40,633","17,780","38,816","9,041","12,105","10,967","11,000","10,522","53,544","38,630","14,707","65,136","85,500","46,808","10,429","10,423","11,378","11,241","11,809","11,655","11,839","11,181","15,506","12,418","12,065","10,275"
  Ireland ,"119,842","106,678","118,525","157,648","118,936","193,225","107,148","154,789","114,569","86,763","127,647","110,898","82,200","96,356","95,135","110,319","272,126","280,524","287,457","323,034","232,561","297,031","393,479","170,727","73,413","250,720","252,154","187,158","112,631","94,134","104,004","111,688","93,891","116,897","100,595","106,456","87,483"
  Italy ,"609,123","702,472","725,004","594,994","547,587","592,000","570,591","606,990","555,654","534,144","549,561","452,391","567,318","638,714","691,514","554,736","420,816","483,107","516,562","616,494","571,999","611,275","520,491","485,485","527,951","613,730","476,816","487,904","409,767","461,599","382,371","442,728","295,412","347,814","511,874","493,798","512,050"
  Luxembourg ,"12,030","8,156","5,714","15,746","55,482","31,284","9,766","32,019","4,651","2,296","3,539","7,456","32,098","3,859","3,579","5,167","7,454","2,048","3,486","3,702","2,260","4,257","3,079","5,380","2,567","11,891","3,758","14,577","3,471","3,479","29,389","23,619","3,436","44,095","5,787","2,715","9,204"
  Netherlands ,"253,258","384,010","301,384","263,199","314,814","339,001","359,653","265,196","279,506","574,480","423,978","213,278","261,220","301,866","323,512","246,274","277,208","432,933","399,429","447,162","288,247","470,044","393,519","250,998","356,221","257,892","296,798","303,736","373,881","286,459","252,322","273,072","255,200","269,347","296,540","231,398","283,975"
  United Kingdom ,"870,329","940,088","1,050,419","859,994","1,131,385","753,406","802,819","909,903","985,209","873,970","886,714","769,356","948,415","799,724","1,000,940","691,322","682,080","649,629","793,211","844,336","569,827","691,934","878,956","750,573","858,409","755,324","635,420","802,840","762,179","863,043","830,637","739,542","1,104,023","849,831","1,136,172","1,321,706","1,104,098"
  Portugal ,"27,090","31,026","33,086","39,971","47,500","45,507","46,337","46,698","36,291","32,570","27,227","26,909","79,995","40,730","46,248","31,786","23,695","37,947","23,965","26,654","29,598","21,087","25,598","26,206","31,518","37,606","32,639","24,745","25,179","29,154","39,276","40,270","28,262","33,372","23,454","25,936","43,064"
  Spain ,"280,700","262,629","245,875","184,146","209,987","200,170","178,600","317,461","189,520","274,544","295,111","160,044","161,163","224,196","241,436","136,456","127,511","127,928","161,918","158,635","151,689","122,269","152,000","74,255","96,740","122,939","102,382","108,532","105,065","96,174","116,899","90,908","111,422","83,269","130,455","130,066","122,480"
  Austria ,"105,033","104,665","105,084","101,231","130,438","105,197","118,935","114,118","116,496","82,248","106,396","80,431","83,123","83,670","103,436","100,316","162,633","83,447","88,077","96,163","101,445","94,048","99,453","71,945","81,536","82,619","65,703","78,136","72,914","62,639","74,273","62,225","55,455","95,240","74,845","73,180","80,100"
  Finland ,"32,017","42,399","49,148","49,749","48,419","38,114","91,645","73,548","87,196","98,354","58,259","30,725","59,916","49,936","36,026","46,534","40,729","49,240","37,715","32,498","34,773","36,804","42,688","28,963","27,919","34,795","35,730","34,951","36,908","34,716","44,018","40,693","31,694","34,650","45,871","34,683","29,925"
  Norway ,"45,936","50,581","43,134","40,090","41,524","36,231","49,789","53,425","44,564","55,664","90,633","46,708","54,280","50,080","48,303","44,647","40,203","51,509","48,442","62,320","43,877","100,416","67,520","48,391","44,281","109,334","54,431","51,510","44,600","82,320","55,228","94,930","66,717","50,807","69,037","71,122","58,705"
  Sweden ,"117,803","162,253","196,484","180,230","143,127","107,557","181,260","168,909","170,417","163,301","257,417","175,309","149,089","181,120","175,272","204,238","166,433","209,660","176,030","185,878","158,396","173,900","150,127","123,206","128,405","161,400","111,295","134,101","114,475","84,892","123,624","125,208","116,142","129,160","220,796","98,183","118,465"
  Switzerland ,"672,276","992,687","949,410","1,811,943","1,758,858","1,420,434","1,937,455","941,426","1,433,645","844,154","1,000,366","988,959","1,374,633","773,415","991,215","975,916","982,530","592,419","880,337","627,453","918,046","1,004,553","1,901,500","639,679","753,225","631,159","798,242","597,361","597,220","818,335","726,897","560,427","446,190","482,705","832,311","724,391","970,886"
  Liechtenstein ,"2,938","2,250","3,686","2,650","3,558","3,380","3,229","3,055","3,438","4,006","2,640","2,804","2,951","3,311","2,985","3,597","2,724","3,655","2,597","3,631","3,716","2,789","3,744","2,612","2,859","3,105","2,345","2,227","2,788","2,421","2,505","1,402","2,349","3,329","2,430","2,869","2,822"
  Malta ,"17,553","41,040","23,080","51,734","23,836","40,703","54,619","21,429","25,475","26,320","23,192","81,616","18,169","76,979","65,852","156,403","145,303","20,379","54,541","69,906","14,958","44,893","19,176","14,389","51,714","32,239","14,927","19,082","16,183","16,899","19,717","26,047","15,044","23,609","20,391","14,917","42,930"
"  Germany, Democratic Republic Of ",0,0,0,0,0,0,0,0,0,0,0,0,0,0,0,0,0,0,0,0,0,0,0,0,0,0,0,0,0,0,0,0,0,0,0,0,0
  Hungary ,"39,775","44,406","46,849","42,761","38,367","39,917","48,975","44,843","36,746","37,592","38,279","27,612","37,471","36,759","33,511","42,209","37,453","45,149","46,002","50,593","52,466","42,392","42,244","26,286","34,167","52,883","43,674","42,690","36,664","29,737","34,092","29,820","21,876","30,516","35,228","25,341","24,246"
  Poland ,"70,086","61,324","59,504","72,936","82,610","64,268","57,608","64,196","68,693","68,894","82,195","57,103","60,535","79,301","67,425","64,253","65,538","61,559","57,666","58,077","53,098","61,091","59,145","45,736","47,566","57,325","53,148","45,656","50,657","39,813","38,295","40,937","35,833","49,027","53,397","58,527","50,706"
  Estonia ,"5,960","5,378","6,972","5,489","7,789","7,588","8,844","6,260","7,884","52,312","5,249","20,506","6,857","8,009","74,653","4,677","45,509","6,282","6,312","4,159","3,983","6,049","7,288","2,736","2,493","2,410","3,652","3,287","3,284","2,064","1,948","4,345","1,931","2,888","4,441","4,914","4,433"
  Latvia ,"2,252","4,288","6,436","2,299","2,679","3,549","3,910","3,546","4,452","4,620","3,726","2,888","3,324","4,295","2,570","2,699","2,318","4,260","3,624","4,128","3,763","1,546","2,241","1,466","1,346","1,887","2,216","1,389","1,971","1,024","1,671","2,004","1,185","1,425","1,861",885,"1,331"
  Lithuania ,"10,122","13,594","8,716","5,892","8,406","6,345","3,338","135,585","12,346","53,185","53,700","8,831","52,056","7,758","8,029","38,070","13,052","61,180","11,845","12,598","11,125","10,231","57,734","10,644","14,204","7,809","12,180","8,739","10,548","10,732","7,116","10,000","10,014","9,946","8,567","7,184","22,159"
  Slovenia ,"8,756","7,106","8,502","8,759","7,816","7,957","7,600","6,371","7,274","7,804","6,130","5,385","5,564","8,420","7,839","7,535","6,895","7,567","6,739","9,319","7,463","6,274","5,945","4,852","5,404","4,797","4,560","4,601","4,417","5,942","6,289","4,166","8,059","5,607","6,647","3,840","4,095"
  Czech Republic ,"57,535","69,549","77,729","78,066","73,954","76,026","82,010","84,960","111,863","72,601","80,205","60,391","63,267","78,196","64,292","94,433","91,353","64,538","82,631","79,418","83,723","75,405","79,133","53,948","75,602","71,090","89,800","64,058","60,861","46,974","72,329","69,463","60,816","71,541","54,120","61,038","61,739"
  Slovak Republic (Slovakia) ,"7,147","9,115","7,487","9,522","7,399","10,549","10,839","7,301","9,303","8,311","8,786","6,294","9,865","19,244","9,600","8,960","7,722","7,641","11,291","11,325","10,824","10,116","9,032","7,707","8,307","13,720","8,318","8,711","7,723","9,106","8,090","6,745","7,101","12,895","11,601","8,328","9,510"
  Brunei Darussalam ,"273,633","143,124","121,051","214,994","208,537","311,958","248,815","247,045","307,654","446,823","178,316","161,909","118,376","238,510","272,043","180,268","175,584","209,182","137,283","105,693","44,843","110,472","102,303","56,593","71,088","99,093","26,766","54,504","67,999","36,769","25,927","36,456","49,763","96,185","70,923","242,796","278,270"
  Indonesia ,"1,759,608","2,074,781","1,971,918","1,987,191","1,924,895","2,301,232","2,032,018","2,244,033","2,242,187","2,401,307","2,245,632","1,752,288","1,854,041","1,952,388","1,988,497","1,763,060","1,706,208","1,719,227","1,601,948","1,797,188","1,444,970","1,809,239","1,750,120","1,456,104","1,433,768","1,455,271","1,369,285","1,456,209","1,526,861","1,530,155","1,602,915","1,337,827","1,226,045","1,735,603","2,093,275","2,180,859","1,736,989"
  Malaysia ,"4,840,965","6,017,970","6,773,423","6,417,377","7,672,003","7,225,607","7,243,882","7,528,135","6,664,440","6,958,619","7,882,249","5,333,950","6,180,062","6,725,700","6,572,612","6,447,589","5,974,561","5,733,440","5,830,757","5,526,747","5,932,710","6,272,592","6,158,053","5,402,465","5,553,323","5,226,122","4,918,769","5,249,328","5,092,968","5,070,011","5,094,878","5,247,898","4,002,175","3,387,367","4,295,365","4,985,932","4,979,254"
  Philippines ,"566,788","592,778","581,054","646,820","599,147","1,121,526","1,358,580","1,219,107","1,165,111","1,126,651","1,112,063","962,299","1,024,236","1,111,297","929,167","946,558","909,166","986,348","934,416","854,834","895,423","861,358","898,912","821,546","743,341","818,118","785,946","757,489","834,705","857,117","973,394","889,759","733,533","600,246","758,664","759,531","730,334"
  Thailand ,"1,145,674","1,116,398","1,241,990","1,431,165","1,343,781","1,511,871","1,636,787","2,034,027","1,440,319","1,529,457","2,248,986","1,231,562","1,239,894","1,451,572","1,283,600","1,180,430","1,160,078","1,228,663","1,225,879","1,146,806","1,122,697","887,173","916,087","813,753","746,376","938,739","741,260","906,194","902,423","1,440,609","1,205,586","801,372","995,812","1,983,188","1,087,792","1,371,864","1,119,938"
  Myanmar ,"7,827","7,486","6,044","5,856","6,949","8,313","7,363","6,221","7,012","6,443","7,434","5,771","6,836","11,148","12,998","6,539","10,386","8,775","7,479","11,265","9,188","11,875","9,048","5,399","9,126","10,474","10,764","8,009","7,789","6,457","25,111","8,355","7,736","9,852","32,206","14,314","16,270"
  Cambodia ,"74,792","25,899","16,407","9,089","12,607","21,829","27,796","13,225","16,501","22,457","45,772","15,084","21,450","31,564","28,814","24,301","37,593","26,978","19,376","56,097","48,635","9,052","10,119","8,790","11,719","29,143","47,185","129,737","392,992","632,266","683,841","617,967","661,600","77,181","162,348","196,936","17,055"
  Laos People's Democratic Republic ,"2,844","7,281","4,963","16,907","20,214","36,150","1,707","19,064","17,428","13,936","22,579","4,162","16,693","10,234","5,968",361,"2,909","3,027",504,391,"1,718",352,"2,849","3,970","1,657",830,384,"1,776","25,133","48,458","35,564","13,475",311,409,"1,134","1,263",525
"  Vietnam, Socialist Republic Of ","521,239","567,388","488,956","522,441","594,893","688,285","759,728","706,136","781,847","821,194","636,576","445,527","561,237","543,819","522,067","482,411","457,422","458,180","546,322","493,850","452,596","517,227","541,037","441,952","428,287","448,861","452,676","461,096","387,740","416,849","368,501","312,667","337,519","832,510","563,463","570,763","381,987"
  Japan ,"2,144,103","2,618,288","2,837,697","3,038,903","3,109,529","3,100,676","3,440,363","3,194,697","3,842,940","3,273,519","3,429,885","2,496,003","2,448,743","2,802,540","2,508,153","2,573,996","2,579,476","2,193,348","2,562,776","2,332,476","2,128,722","2,607,053","2,568,597","2,204,003","2,210,238","2,198,919","1,996,097","2,323,790","1,968,908","1,662,592","1,955,997","1,754,589","1,785,072","2,168,406","2,606,394","2,427,079","2,138,871"
  Hong Kong ,"297,317","240,017","169,227","207,166","354,257","319,470","624,415","333,510","431,788","360,880","383,912","210,038","514,054","419,713","306,125","370,135","362,116","378,221","317,966","439,690","360,761","300,514","314,144","350,808","441,015","762,767","450,648","551,319","479,125","460,348","528,709","536,137","170,672","302,865","364,163","226,736","391,417"
  Republic Of Korea ,"2,913,168","3,207,322","2,863,026","3,044,583","3,113,799","3,841,813","4,382,579","4,120,895","3,678,194","3,557,581","4,028,469","3,042,073","3,341,610","3,432,708","3,111,651","2,662,036","2,896,750","2,540,005","2,545,749","2,352,789","2,155,556","2,052,039","2,390,216","1,792,797","1,863,922","2,111,471","1,825,903","1,863,340","1,783,968","1,438,583","1,808,738","1,506,803","1,285,241","1,815,269","2,006,546","1,927,140","2,078,134"
  Taiwan ,"4,276,014","5,357,878","5,319,407","6,484,560","5,683,947","7,174,679","7,306,972","7,548,824","6,676,629","6,866,989","7,467,443","6,469,836","6,978,727","6,949,931","6,462,480","6,053,996","6,184,737","6,519,894","6,094,544","5,420,654","4,846,977","5,220,537","5,375,548","4,566,233","4,930,154","4,911,663","4,524,369","4,501,984","4,566,452","4,235,913","4,299,946","4,333,513","3,711,610","3,910,062","3,852,722","3,647,659","3,571,356"
  Macau ,984,"1,376","17,054","2,341",436,"3,219",982,"4,107","2,484","3,293","3,104","3,225","1,829","3,251",922,"1,348","1,853","1,381","2,016","1,074",728,229,547,700,"2,864","1,974",910,372,917,417,471,449,592,"1,222",486,"2,437","1,000"
  Mainland China ,"7,359,846","7,642,587","8,285,837","7,377,473","7,390,866","8,196,629","8,510,236","7,976,196","7,478,079","6,153,885","6,635,528","4,799,291","6,387,242","7,876,015","6,670,871","6,026,092","6,016,585","5,467,821","5,526,552","6,198,485","5,799,262","6,329,544","6,291,717","4,989,727","6,121,009","6,202,327","6,280,686","5,142,563","5,479,579","5,574,117","5,539,168","5,288,235","4,843,684","5,583,246","5,979,894","3,978,903","5,469,816"
  Afghanistan ,30,61,26,9,19,107,82,8,85,20,10,99,20,63,18,32,28,47,"2,538",51,133,32,133,18,139,45,18,19,13,38,11,72,15,16,6,66,7
  Bangladesh ,"16,643","27,270","25,709","18,536","18,308","36,996","18,815","20,745","23,744","18,850","19,840","16,678","21,085","22,103","19,117","23,805","20,565","16,958","12,067","12,640","17,516","19,130","20,374","15,507","34,207","25,556","14,127","10,000","19,293","15,842","23,266","12,128","3,725","3,979","27,294","19,551","51,163"
  India ,"826,219","834,657","837,673","826,855","1,023,746","908,131","1,022,364","1,251,445","885,584","1,159,602","1,023,825","1,038,814","851,347","1,065,580","981,053","830,719","598,029","825,451","900,935","945,470","716,823","880,794","859,448","786,256","493,874","636,451","589,695","603,036","521,757","524,324","737,581","695,070","436,296","276,158","703,494","601,098","818,894"
"  Maldives, Republic Of ",98,103,145,14,43,37,21,4,134,41,9,96,145,113,121,35,32,72,11,26,108,193,193,69,57,227,24,32,170,20,5,1,0,0,28,109,89
  Nepal ,517,221,612,688,602,559,632,385,279,"1,026",150,"28,582",868,177,158,117,179,256,131,55,72,108,249,76,75,"1,298",106,113,993,916,"1,245",39,5,70,347,271,"1,957"
  Pakistan ,"34,810","7,334","10,169","6,327","5,272","9,692","4,988","6,725","6,176","9,552","8,074","16,731","6,204","8,281","11,999","6,406","10,234","6,735","8,455","7,214","6,279","5,213","8,097","10,003","6,549","8,647","4,441","30,589","5,323","15,132","5,407","3,077","3,489","4,851","7,095","7,837","7,491"
  Sri Lanka ,"10,989","10,737","12,169","14,721","13,436","12,789","13,242","13,958","10,004","11,842","10,342","10,057","10,925","11,878","11,604","10,088","9,654","9,726","8,714","9,428","5,896","7,863","32,912","14,725","15,355","23,637","6,557","8,767","12,610","8,154","16,097","5,687","9,588","8,402","6,493","9,415","8,913"
  Bahrain ,"39,592","44,949","11,520","66,675","2,744","7,085","165,713","197,690","293,928","76,907","4,672","1,358","4,480",467,"106,807","7,539","6,177","1,997","1,358","2,994","1,288","48,667","44,708","1,495","98,458","1,371","13,810",702,"28,445","51,275","71,381","41,364","12,630","26,190","2,924","1,087",654
  Cyprus ,"6,792","21,698","2,385","2,034","1,662","2,499","1,199","1,848","2,307","1,889","1,189","28,179","3,387","1,807","3,001","4,095","1,474","2,602","1,800","1,872","1,546","1,559","1,273","1,414","1,342","1,143","1,292","1,757","1,611","1,140","1,225","2,825","3,772","1,092",766,"1,217","1,040"
  Iran (Islamic Republic Of) ,289,317,267,692,258,255,44,258,328,191,790,316,754,"1,454","1,131",320,886,297,575,863,389,345,426,533,727,960,238,473,225,276,513,655,293,"1,324",832,714,335
  Israel ,"105,903","98,717","85,965","93,452","143,055","126,174","99,014","106,901","94,229","101,182","147,553","151,344","99,841","78,553","133,323","78,247","61,451","118,969","91,964","114,138","66,475","100,274","65,341","50,469","57,611","57,097","66,810","55,783","78,726","62,961","67,784","70,446","60,180","48,218","79,818","100,408","63,270"
  Jordan ,"9,296","8,265","7,262","3,020","8,904","3,782","5,333","8,573","8,687","4,772","4,639","2,531","6,037","7,155","2,381","5,937","7,547","7,314","8,377","3,585","27,108","3,936","9,865","6,639","4,037","4,383","4,367","2,624","3,093","4,904","8,999","1,829","1,171","1,144","3,326","3,582","2,477"
  Kuwait ,"241,402",639,"54,562","52,798","16,848","56,351","117,344","2,626","158,838","21,012","105,396","3,188","18,171","30,819","58,308","146,002","2,001","22,511","3,250","2,742","29,661","126,815","39,467","87,132","203,881","84,802","136,458","164,900","89,707","232,601","402,610","29,340","159,144","75,654","118,280","180,975","402,328"
  Lebanon ,170,332,578,449,303,337,475,92,79,50,188,121,121,515,173,204,56,200,92,143,98,52,100,244,13,104,288,75,124,26,"3,032",145,214,91,191,192,176
  Oman ,"27,035","72,624","60,005","108,470","42,137","73,156","71,377","129,614","32,226","63,758","28,076","26,302","44,336","32,205","68,246","18,000","70,602","111,537","27,263","134,736","45,781","52,260","95,125","3,362","39,721","114,288","17,440","13,784","42,576","13,687","79,909","2,561","2,214","5,321","26,038","13,579","57,540"
  Qatar ,"616,918","640,131","476,149","528,921","766,915","827,737","692,186","651,773","557,744","567,212","304,196","599,833","429,490","665,939","795,068","603,117","671,183","561,152","819,056","509,496","310,420","431,580","542,262","466,001","347,096","205,269","367,074","255,004","235,402","256,288","232,299","292,131","263,401","394,261","655,950","1,012,134","699,137"
  Saudi Arabia ,"806,024","801,168","866,619","1,010,564","954,922","1,081,996","1,003,667","946,997","1,441,814","767,599","1,701,009","1,040,074","920,723","1,061,601","684,635","634,685","455,760","662,959","801,349","1,021,200","402,063","489,029","794,911","538,287","740,428","718,909","499,098","476,869","1,127,040","648,954","455,710","405,429","425,003","432,733","435,911","673,261","669,964"
  Syrian Arab Republic ,0,0,0,3,17,0,0,32,0,0,4,0,0,0,0,0,2,0,0,0,1,0,0,0,0,87,0,0,0,7,0,1,0,0,1,0,4
  United Arab Emirates ,"1,044,573","1,212,293","1,205,738","1,642,118","2,315,066","1,629,843","2,225,339","1,812,158","2,110,593","2,076,593","2,307,579","1,486,825","1,619,973","2,186,761","1,644,999","1,901,779","1,800,164","1,450,713","1,438,091","1,125,208","1,287,523","1,142,398","1,142,123","1,007,019","716,893","899,563","374,463","666,893","1,798,522","601,540","384,810","318,246","453,294","526,619","635,944","1,134,202","816,041"
  Yemen ,173,629,106,265,48,151,499,245,618,341,172,454,2,687,611,"1,802","1,016",134,958,17,486,116,4,464,0,855,292,"2,194","1,142","35,145",67,557,306,87,240,145,70
  Yemen Democratic ,0,0,0,0,0,0,0,0,0,0,0,0,0,0,0,0,0,0,0,0,0,0,0,0,0,0,0,0,0,0,0,0,0,0,0,0,0
  Canada ,"208,757","211,232","224,872","213,606","241,035","599,499","284,927","215,581","200,837","204,489","253,586","197,815","227,718","208,080","174,473","160,527","206,693","190,389","135,866","156,569","161,662","154,303","158,223","148,067","143,758","142,990","140,967","153,105","93,748","149,755","186,771","178,313","148,801","248,425","228,461","200,223","568,765"
  Puerto Rico ,"7,337","8,375","16,518","5,480","9,831","14,898","16,567","9,667","12,158","16,699","8,633","14,619","7,191","9,797","7,702","8,677","7,255","9,454","10,550","13,472","10,596","14,897","12,719","6,070","7,893","15,952","8,948","18,630","9,590","3,825","7,209","7,998","8,257","13,656","19,178","9,634","8,214"
  United States ,"5,241,875","5,314,219","5,832,049","6,163,496","6,537,215","6,575,058","6,158,055","6,219,803","6,889,723","6,441,534","5,939,553","4,444,812","4,451,719","5,184,086","4,928,752","4,870,712","4,593,607","4,826,352","4,579,501","4,418,947","4,182,550","5,035,984","4,466,412","3,573,937","3,688,415","3,794,181","3,535,956","4,161,758","3,906,548","3,476,117","3,815,609","3,825,437","3,554,966","4,408,653","5,001,588","4,398,257","4,497,881"
  Argentina ,"8,284","11,273","6,775","14,908","13,163","11,801","10,327","11,559","16,397","6,341","6,657","8,302","9,694","11,374","6,754","4,130","6,413","3,670","5,193","5,036","4,964","8,657","3,075","2,926","21,986","6,324","29,741","5,067","3,643","5,407","33,559","4,426","5,059","6,489","16,477","3,057","6,161"
  Brazil ,"517,014","1,004,171","1,132,945","917,460","833,293","968,690","928,891","1,070,887","954,871","836,482","516,453","458,528","794,992","340,507","660,963","671,501","491,662","464,768","550,466","481,364","459,091","572,109","328,849","173,894","283,000","304,498","302,065","153,734","510,784","204,266","190,282","418,057","288,817","237,606","310,852","331,188","404,695"
  Chile ,"14,595","16,649","13,831","11,567","29,599","75,458","20,111","11,018","15,492","9,497","17,065","36,587","8,949","14,408","5,380","7,369","4,344","3,087","18,933","8,616","7,156","37,332","9,915","6,544","7,883","6,539","4,778","5,624","6,447","4,721","5,680","6,004","4,981","4,545","6,774","7,339","7,693"
  Colombia ,"2,180","7,915","4,436","2,200","10,518","9,806","1,927","84,394","50,735","16,128","29,549","5,529","87,646","6,265","36,366","2,220","39,770","2,326","49,029","45,251","1,941","5,433","1,735","4,584","3,456","114,772","5,337","2,535","1,522",667,"8,215","1,468","8,573","2,934","4,391",886,"33,246"
  Ecuador ,"4,500","4,475","2,745","4,893","2,522","1,931","2,226","5,653","4,066","3,323","3,042","4,001","17,491","6,297","4,453","3,919","3,749","2,676","50,099","1,103","27,077","2,163","3,410","2,436","3,056","3,436","5,098","4,093","1,945","4,220","2,131","2,190","1,565","1,581","4,232","2,353","2,066"
  Mexico ,"217,266","277,739","242,881","272,680","263,872","247,995","402,686","301,939","274,105","245,392","237,988","183,348","201,662","435,468","271,087","266,843","228,508","218,577","263,102","290,019","301,806","301,539","281,681","206,715","276,223","217,586","356,379","327,607","300,973","249,672","262,102","221,919","213,546","225,541","266,785","240,158","276,701"
  Paraguay ,119,681,281,487,235,513,423,832,945,422,557,404,172,341,185,464,550,663,327,396,232,402,291,34,359,127,66,134,215,102,126,169,47,4,190,132,96
  Peru ,"3,433","3,464","2,155","11,670","14,741","1,888","3,042","12,092","7,394","1,267","1,044",846,"1,656","3,061","1,570","1,279",898,946,"5,178","2,167","1,527","1,088","1,386","1,472","1,340","3,387","5,008","9,386","12,164","3,067","2,521","1,455",981,"2,908","1,935","2,485","3,375"
  Uruguay ,654,635,779,"1,123","3,311",806,"5,398","1,982","27,476","2,387","130,093","3,137","15,600","2,479","2,914","2,290","1,344","1,076",837,"1,879","1,146",516,"2,554",925,365,"1,254",996,544,99,13,"1,695","1,849","1,334","1,991","1,136",543,"1,205"
  Venezuela ,51,89,720,885,238,803,442,251,113,140,4,17,38,0,0,3,8,8,421,241,148,74,22,217,39,128,70,7,37,9,29,34,87,27,91,135,"1,266"
  Netherlands Antilles ,0,0,0,0,0,0,0,0,0,3,5,5,0,1,0,2,0,0,0,4,0,0,0,2,6,89,18,77,80,166,2,49,26,18,30,"43,018",32
  Panama ,419,127,116,175,328,424,131,403,337,327,193,29,102,"2,090",354,335,265,138,787,275,110,149,273,221,307,193,"2,139",560,83,137,67,162,"1,300","1,549",241,366,691
  Bahamas ,0,11,4,4,4,0,6,"14,704",11,2,0,6,47,"7,294",3,1,"20,616",0,"29,503",2,3,"33,298",17,0,"118,553",0,"152,881",54,"13,702","6,173","63,061",20,1,31,8,"37,085",0
  Bermuda ,0,0,4,0,3,2,1,0,6,0,1,0,0,0,0,0,0,0,0,0,1,0,1,2,2,0,5,5,1,0,2,0,0,0,0,0,81
  French Guiana ,187,123,517,"12,899",296,431,359,195,122,36,2,930,14,0,183,73,0,0,27,6,496,44,83,9,65,734,0,36,"3,278",456,"1,008",38,9,10,0,0,7
  Grenada ,2,6,19,1,3,8,0,13,1,2,41,18,2,2,15,2,7,8,1,1,14,0,0,4,41,0,0,1,0,0,0,14,0,17,4,0,5
  Guatemala ,692,570,997,262,926,"2,170","3,463","1,168","2,804","1,381","1,931","1,895","1,603",691,"1,026","1,756",896,"1,068","2,075","2,754","5,253","3,219","7,569","5,319","3,474","2,526","1,812","1,603","1,393","1,694","3,802","1,020","1,487",447,"8,961","8,087","1,663"
  Honduras ,776,"1,457",838,706,432,793,780,228,238,443,320,253,274,730,366,566,763,367,561,668,296,214,359,172,180,187,149,153,537,358,69,194,277,252,260,179,249
  Jamaica ,274,93,117,61,493,137,24,96,47,125,44,104,44,104,184,83,55,34,131,51,53,200,39,39,155,116,13,49,64,34,20,110,74,31,16,23,94
  St Vincent & The Grenadines ,3,0,0,2,21,0,0,1,0,0,0,0,0,1,0,0,0,0,0,0,0,41,1,0,0,6,0,2,0,0,4,0,0,0,4,1,3
  Trinidad & Tobago ,119,64,"2,854",31,58,"80,568","3,033",73,47,55,24,30,68,44,27,189,80,89,51,58,51,56,115,43,29,"29,405",11,10,69,32,50,609,41,52,77,27,26
  Anguilla ,0,0,0,1,0,9,0,2,1,4,1,1,2,9,2,2,4,1,1,1,28,1,2,2,3,32,0,1,1,8,3,1,3,2,1,0,3
  Other Countries In America ,"37,895","37,931","43,918","44,771","35,101","40,996","40,731","62,285","63,491","35,968","29,530","25,285","24,530","28,323","25,305","24,972","25,131","24,548","26,480","28,692","26,278","24,297","25,103","30,652","19,976","33,069","35,781","25,052","23,355","22,820","84,917","15,341","19,064","26,879","39,133","29,091","29,935"
  Australia ,"869,481","1,253,373","577,829","1,246,296","1,447,901","696,980","924,529","1,020,536","977,494","1,454,940","759,708","744,590","682,538","639,275","825,231","860,118","528,741","570,750","1,056,177","742,066","840,448","929,295","1,015,957","1,077,095","634,384","432,820","1,279,412","522,414","359,877","457,100","380,570","330,132","328,456","480,764","743,553","500,418","695,463"
  Fiji ,452,243,191,170,498,185,601,320,458,379,634,215,470,81,239,662,30,19,185,6,277,193,338,256,8,164,453,686,115,18,171,118,30,106,549,119,265
  Nauru ,82,14,0,0,8,0,0,18,262,0,543,20,10,5,0,1,2,0,0,25,50,0,48,15,14,48,7,11,0,0,71,0,0,0,33,94,4
  New Caledonia ,53,18,256,14,262,186,25,10,102,5,92,59,22,28,68,127,31,87,"4,292",385,139,80,84,25,79,42,156,6,24,3,171,187,4,0,5,63,30
  New Zealand ,"105,961","122,266","72,677","72,719","79,919","133,089","97,855","102,003","155,635","92,299","84,730","55,143","115,683","87,492","85,048","84,332","56,207","90,645","67,151","78,315","88,947","60,885","71,214","47,573","62,306","92,235","123,931","44,728","91,438","62,094","98,929","73,899","91,166","70,052","100,199","71,785","121,022"
  Papua New Guinea ,"6,523","23,124","12,724","10,221","14,332","104,656","21,087","15,351","27,361","10,765","16,279","13,742","10,972","14,981","82,962","74,860","13,015","71,162","72,611","68,957","71,370","37,545","42,577","3,669","7,692","11,259","2,904","4,994","19,019","58,693","10,878","51,298","21,622","86,087","1,323","121,520","1,883"
  Cocos (Keeling) Islands ,258,2,0,2,0,7,1,0,0,1,14,0,3,8,1,3,2,7,7,3,0,37,26,3,15,0,0,1,0,2,17,34,39,4,1,0,113
  French Southern Territories ,0,46,99,115,242,8,4,1,83,7,9,32,258,3,22,7,0,0,2,40,0,118,10,105,4,2,5,377,122,354,323,37,0,20,0,0,0
  Norfolk Island ,59,1,0,0,0,101,0,9,70,57,0,11,23,0,0,0,0,1,0,3,0,21,0,16,0,0,0,0,0,18,12,89,0,0,0,87,89
  Cook Islands ,0,0,0,0,23,0,0,1,83,17,0,0,0,0,14,10,5,4,1,28,3,1,0,0,0,0,0,0,0,0,153,0,0,1,4,1,6
  French Polynesia ,90,210,35,60,37,38,493,"2,730","2,894",141,50,40,58,"2,464",13,154,265,9,59,19,162,"1,992",263,74,117,103,432,91,9,"2,580",230,7,16,6,176,42,64
  Guam ,24,35,104,65,176,86,"12,160",45,9,44,104,52,69,7,35,40,5,14,27,42,65,20,32,23,29,65,28,20,16,19,17,9,28,5,23,23,33
  Kiribati ,0,0,3,0,0,0,0,0,15,1,1,0,0,1,0,0,0,0,0,0,0,0,0,0,1,0,1,1,0,1,0,0,0,0,0,0,0
  Niue ,5,80,0,1,3,0,0,0,0,0,2,2,0,1,2,1,57,0,0,0,0,3,0,0,0,0,2,0,0,1,0,0,0,0,0,0,0
  Solomon Islands ,0,3,13,21,4,2,0,5,8,0,0,3,0,0,3,0,0,2,0,6,0,1,0,1,111,248,0,69,255,213,398,0,1,0,5,1,0
  Tuvalu ,0,0,0,1,0,0,0,0,0,0,0,0,0,0,0,0,0,0,5,0,0,0,0,0,0,0,0,0,0,0,1,29,0,0,0,0,0
  Wallis & Fatuna Islands ,0,0,0,0,0,0,0,0,1,0,0,0,178,0,0,0,3,0,0,1,0,0,0,21,3,94,55,0,0,0,0,0,0,0,0,0,8
  Micronesia ,10,29,8,5,10,10,8,22,20,9,3,19,3,12,3,8,0,2,1,9,31,1,1,54,32,0,0,2,35,0,0,0,2,0,1,2,0
  Palau ,1,1,0,0,0,6,0,0,0,0,137,0,0,65,0,0,0,0,0,0,0,1,0,0,0,0,0,0,1,1,0,0,0,0,0,1,0
  South Sudan ,0,"33,107","27,952",0,"14,777",0,12,"16,751",0,0,0,0,0,"18,161",0,"52,394","20,088","23,336",0,"1,019",0,0,0,0,0,0,88,0,0,0,0,0,0,0,0,0,"1,443"
  Other Countries In Oceania ,"1,561","1,577","3,090",269,664,441,"2,880","1,032",422,254,"1,570","1,231",555,242,654,841,"1,233","11,673",165,"1,024",374,707,583,"6,180",299,"3,960","6,415","4,694","13,863","5,759","2,701","1,257",714,"2,366",346,848,"2,103"
  Commonwealth Of Independent States ,"256,479","559,381","355,213","211,147","192,289","170,747","268,726","262,627","7,728","250,158","80,641","602,562","851,550","1,284,255","528,714","651,746","183,325","251,962","459,893","322,355","299,298","329,976","662,110","249,138","255,076","334,499","266,754","196,344","267,925","111,769","121,840","138,743","95,398","99,266","112,905","152,797","354,678"
